{"manera": 0.6931471805599453, "madrugada": 0.6931471805599453, "tener": 1.3862943611198906, "cargar": 0.6931471805599453, "olvidar": 0.6931471805599453, "fuego": 0.6931471805599453, "gigante": 0.6931471805599453, "comenzar": 0.6931471805599453, "hervir": 0.6931471805599453, "mazmorra": 0.6931471805599453, "joder": 0.6931471805599453, "nalga": 0.6931471805599453, "prohibici\u00f3n": 0.6931471805599453, "aventar": 0.6931471805599453, "silvado": 1.3862943611198906, "ver": 4.852030263919617, "cerrar": 0.6931471805599453, "auh": 0.6931471805599453, "vida": 0.6931471805599453, "claro_dale": 0.6931471805599453, ",": 1.3862943611198906, "jugar": 2.0794415416798357, "aun": 1.3862943611198906, "rico": 0.6931471805599453, "nadie": 1.3862943611198906, "caminando": 1.3862943611198906, "decir": 3.4657359027997265, "anhelo": 0.6931471805599453, "buscar": 0.6931471805599453, "puerta": 0.6931471805599453, "ven": 0.6931471805599453, "ense\u00f1ar": 0.6931471805599453, "paria": 0.6931471805599453, "fin": 2.772588722239781, "permiso": 0.6931471805599453, "sabidur\u00eda": 0.6931471805599453, "arar": 0.6931471805599453, "lobo": 0.6931471805599453, "soltar": 0.6931471805599453, "sofocar": 0.6931471805599453, "escuchar": 0.6931471805599453, "terminar": 1.3862943611198906, "triste": 2.772588722239781, "oropel": 0.6931471805599453, "estrella": 1.3862943611198906, "confirmar": 0.6931471805599453, "acostar": 0.6931471805599453, "tierra": 0.6931471805599453, "digale": 0.6931471805599453, "casa": 1.3862943611198906, "traer": 1.3862943611198906, "lady": 0.6931471805599453, "atr\u00e1s": 0.6931471805599453, "as\u00ed": 0.6931471805599453, "abrevar": 0.6931471805599453, "ni\u00f1o": 0.6931471805599453, "galope": 0.6931471805599453, "colar": 1.3862943611198906, "reba\u00f1o": 0.6931471805599453, "mirar": 0.6931471805599453, "haber": 4.1588830833596715, "abandonar": 4.1588830833596715, "encerrar": 0.6931471805599453, "ganar": 0.6931471805599453, "querer": 1.3862943611198906, "entender": 4.852030263919617, "amor": 5.545177444479562, "caminar": 1.3862943611198906, "candela": 2.772588722239781, "nervio": 0.6931471805599453, "hora": 1.3862943611198906, "tabaco": 0.6931471805599453, "cuento": 2.0794415416798357, "mental": 0.6931471805599453, "vino": 0.6931471805599453, "muro": 0.6931471805599453, "conservar": 1.3862943611198906, "curiosidad": 0.6931471805599453, "horacio_aguirre": 0.6931471805599453, "canci\u00f3n": 0.6931471805599453, "culpar": 2.772588722239781, "alejar": 0.6931471805599453, "acepto": 0.6931471805599453, "sed": 0.6931471805599453, "furioso": 0.6931471805599453, "contar": 0.6931471805599453, "dividir": 0.6931471805599453, "horacio": 4.1588830833596715, "senda": 0.6931471805599453, "corro": 0.6931471805599453, "s\u00f3lo": 3.4657359027997265, "fabricar": 0.6931471805599453, "clandestino": 0.6931471805599453, "amanecer": 1.3862943611198906, "encontrar": 0.6931471805599453, "juego": 0.6931471805599453, "matar": 0.6931471805599453, "cabalgar": 2.0794415416798357, "bien": 1.3862943611198906, "fuerza": 0.6931471805599453, "sur": 0.6931471805599453, "7": 0.6931471805599453, "lengua": 0.6931471805599453, "alguien": 1.3862943611198906, "machin": 0.6931471805599453, "solo": 0.6931471805599453, "peque\u00f1o": 0.6931471805599453, "cambiar": 0.6931471805599453, "muevete": 0.6931471805599453, "suela": 1.3862943611198906, "temblar": 0.6931471805599453, "pago": 0.6931471805599453, "siempre": 1.3862943611198906, "pijama": 1.3862943611198906, "llamar": 2.772588722239781, "activo": 1.3862943611198906, "preparar": 0.6931471805599453, "casilla": 0.6931471805599453, "atender": 0.6931471805599453, "ley": 0.6931471805599453, "neutro": 1.3862943611198906, "agrio": 0.6931471805599453, "morena": 1.3862943611198906, "aire": 0.6931471805599453, "atrever": 0.6931471805599453, "d\u00eda": 0.6931471805599453, "beso": 0.6931471805599453, "intenci\u00f3n": 1.3862943611198906, "rima": 0.6931471805599453, "ocupar": 0.6931471805599453, "insistir": 0.6931471805599453, "dar": 7.6246189861593985, "derroche": 0.6931471805599453, "regresar": 0.6931471805599453, "que_que_dale": 1.3862943611198906, "empezar": 1.3862943611198906, "himno": 0.6931471805599453, "belleza": 1.3862943611198906, "esperar": 2.0794415416798357, "despu\u00e9s": 2.772588722239781, "quemar": 1.3862943611198906, "grandeza": 2.0794415416798357, "higiene": 0.6931471805599453, "instante": 2.0794415416798357, "mano": 1.3862943611198906, "color": 0.6931471805599453, "vez": 4.852030263919617, "juntar": 1.3862943611198906, "naci": 0.6931471805599453, "fuete": 0.6931471805599453, "sol": 2.0794415416798357, "distinto": 0.6931471805599453, "inm\u00f3vil": 0.6931471805599453, "mas": 1.3862943611198906, "pistola": 0.6931471805599453, "doctrina": 0.6931471805599453, "pe_ge": 0.6931471805599453, "tenia": 0.6931471805599453, "se\u00f1or": 0.6931471805599453, "fracaso": 2.772588722239781, "aferrar": 2.0794415416798357, "r\u00edo": 1.3862943611198906, "yankee": 0.6931471805599453, "amigo": 2.772588722239781, "dejar": 0.6931471805599453, "contrario": 1.3862943611198906, "rancho": 0.6931471805599453, "cosa": 2.772588722239781, "regazo": 0.6931471805599453, "plantar": 0.6931471805599453, "abrazo": 0.6931471805599453, "brillar": 1.3862943611198906, "dale_cliente_dame_caliente_dale_cliente_dame_caliente": 1.3862943611198906, "devorar": 0.6931471805599453, "circo": 0.6931471805599453, "traici\u00f3n": 0.6931471805599453, "mama": 0.6931471805599453, "desesperar": 0.6931471805599453, "dame": 1.3862943611198906, "hacer": 1.3862943611198906, "dormir": 1.3862943611198906, "saber": 2.772588722239781, "proponer": 1.3862943611198906, "separar": 0.6931471805599453, "saco": 0.6931471805599453, "david_garcia_por": 0.6931471805599453, "mira": 1.3862943611198906, "pie": 0.6931471805599453, "silvando": 1.3862943611198906, "caer": 0.6931471805599453, "ahora": 2.0794415416798357, "vuelta": 0.6931471805599453, "baby": 0.6931471805599453, "mirada": 0.6931471805599453, "cantar": 2.0794415416798357, "11": 1.3862943611198906, "jugada": 1.3862943611198906, "oler": 1.3862943611198906, "perseguir": 0.6931471805599453, "entretener": 0.6931471805599453, "espeso": 0.6931471805599453, "daddy_come_ven": 0.6931471805599453, "caliente_papi": 1.3862943611198906, "entrar": 0.6931471805599453, "bandera": 0.6931471805599453, "rumba": 1.3862943611198906, "parpadear": 0.6931471805599453, "tejano": 0.6931471805599453, "dominar": 1.3862943611198906, "cari\u00f1o": 1.3862943611198906, "fiebre": 0.6931471805599453, "carmen": 0.6931471805599453, "espantar": 0.6931471805599453, "revisar": 1.3862943611198906, "acercar": 1.3862943611198906, "planeta": 0.6931471805599453, "empe\u00f1o": 0.6931471805599453, "hombre": 1.3862943611198906, "precio": 0.6931471805599453, "ir": 1.3862943611198906, "piel": 2.0794415416798357, "perder": 5.545177444479562, "cabalgata": 0.6931471805599453, "qui\u00e9n": 1.3862943611198906, "magnifico": 0.6931471805599453, "tan": 0.6931471805599453, "mover": 1.3862943611198906, "voz": 0.6931471805599453, "ser": 2.772588722239781, "derecho": 0.6931471805599453, "golpe": 0.6931471805599453, "caliente": 5.545177444479562, "babel": 2.0794415416798357, "aquel": 1.3862943611198906, "importar": 0.6931471805599453, "voy": 0.6931471805599453, "cabello": 0.6931471805599453, "pasar": 0.6931471805599453, "quitar": 0.6931471805599453, "recordar": 2.772588722239781, "9": 0.6931471805599453, "medir": 0.6931471805599453, "puro": 0.6931471805599453, "nacer": 1.3862943611198906, "pedir": 5.545177444479562, "lugar": 2.0794415416798357, "conceder": 0.6931471805599453, "tiempo": 0.6931471805599453, "noche": 2.0794415416798357, "fundir": 0.6931471805599453, "tela": 1.3862943611198906, "saltar": 0.6931471805599453, "pastor": 0.6931471805599453, "inventar": 2.0794415416798357, "invitaci\u00f3n": 0.6931471805599453, "china_nuevo_le\u00f3n": 0.6931471805599453, "sentar": 0.6931471805599453, "machete": 0.6931471805599453, "\u00fanico": 4.852030263919617, "tomar": 0.6931471805599453, "colorir": 0.6931471805599453,