{"manera": 0.6931471805599453, "madrugada": 0.6931471805599453, "tener": 0.6931471805599453, "olvidar": 0.6931471805599453, "fuego": 0.6931471805599453, "gigante": 0.6931471805599453, "hervir": 0.6931471805599453, "mazmorra": 0.6931471805599453, "joder": 0.6931471805599453, "nalga": 0.6931471805599453, "prohibici\u00f3n": 0.6931471805599453, "traer": 1.3862943611198906, "ver": 3.4657359027997265, "cerrar": 0.6931471805599453, "claro_dale": 0.6931471805599453, "inm\u00f3vil": 0.6931471805599453, "aun": 1.3862943611198906, "rico": 0.6931471805599453, "decir": 1.3862943611198906, "anhelo": 0.6931471805599453, "buscar": 0.6931471805599453, "puerta": 0.6931471805599453, "ven": 0.6931471805599453, "ense\u00f1ar": 0.6931471805599453, "paria": 0.6931471805599453, "sabidur\u00eda": 0.6931471805599453, "tomar": 0.6931471805599453, "lobo": 0.6931471805599453, "soltar": 0.6931471805599453, "sofocar": 0.6931471805599453, "oropel": 0.6931471805599453, "estrella": 1.3862943611198906, "confirmar": 0.6931471805599453, "acostar": 0.6931471805599453, "tierra": 0.6931471805599453, "dar": 4.1588830833596715, "casa": 1.3862943611198906, "separar": 0.6931471805599453, "lady": 0.6931471805599453, "atr\u00e1s": 0.6931471805599453, "abrevar": 0.6931471805599453, "ni\u00f1o": 0.6931471805599453, "galope": 0.6931471805599453, "entretener": 0.6931471805599453, "reba\u00f1o": 0.6931471805599453, "haber": 0.6931471805599453, "encerrar": 0.6931471805599453, "querer": 0.6931471805599453, "entender": 4.852030263919617, "amor": 1.3862943611198906, "morena": 1.3862943611198906, "candela": 2.772588722239781, "hora": 1.3862943611198906, "tabaco": 0.6931471805599453, "mental": 0.6931471805599453, "vino": 0.6931471805599453, "muro": 0.6931471805599453, "devorar": 0.6931471805599453, "digale": 0.6931471805599453, "tiempo": 0.6931471805599453, "alejar": 0.6931471805599453, "bandera": 0.6931471805599453, "sed": 0.6931471805599453, "furioso": 0.6931471805599453, "contar": 0.6931471805599453, "dividir": 0.6931471805599453, "senda": 0.6931471805599453, "corro": 0.6931471805599453, "fabricar": 0.6931471805599453, "caliente_papi": 1.3862943611198906, "encontrar": 0.6931471805599453, "juego": 0.6931471805599453, "cabalgar": 2.0794415416798357, "babel": 2.0794415416798357, "bien": 1.3862943611198906, "fuerza": 0.6931471805599453, "sur": 0.6931471805599453, "lengua": 0.6931471805599453, "alguien": 1.3862943611198906, "peque\u00f1o": 0.6931471805599453, "muevete": 0.6931471805599453, "suela": 1.3862943611198906, "temblar": 0.6931471805599453, "pijama": 1.3862943611198906, "llamar": 2.772588722239781, "activo": 1.3862943611198906, "rima": 0.6931471805599453, "casilla": 0.6931471805599453, "atender": 0.6931471805599453, "ley": 0.6931471805599453, "neutro": 1.3862943611198906, "agrio": 0.6931471805599453, "atrever": 0.6931471805599453, "d\u00eda": 0.6931471805599453, "beso": 0.6931471805599453, "ocupar": 0.6931471805599453, "ahora": 0.6931471805599453, "derroche": 0.6931471805599453, "regresar": 0.6931471805599453, "que_que_dale": 1.3862943611198906, "empezar": 1.3862943611198906, "esperar": 2.0794415416798357, "despu\u00e9s": 2.0794415416798357, "quemar": 1.3862943611198906, "grandeza": 2.0794415416798357, "higiene": 0.6931471805599453, "instante": 2.0794415416798357, "color": 0.6931471805599453, "vez": 4.852030263919617, "juntar": 1.3862943611198906, "naci": 0.6931471805599453, "fuete": 0.6931471805599453, "sol": 2.0794415416798357, "distinto": 0.6931471805599453, "doctrina": 0.6931471805599453, "pe_ge": 0.6931471805599453, "aferrar": 0.6931471805599453, "r\u00edo": 1.3862943611198906, "yankee": 0.6931471805599453, "dejar": 0.6931471805599453, "\u00fanico": 4.852030263919617, "aire": 0.6931471805599453, "regazo": 0.6931471805599453, "plantar": 0.6931471805599453, "abrazo": 0.6931471805599453, "brillar": 1.3862943611198906, "dale_cliente_dame_caliente_dale_cliente_dame_caliente": 1.3862943611198906, "conservar": 1.3862943611198906, "circo": 0.6931471805599453, "mama": 0.6931471805599453, "dame": 1.3862943611198906, "dormir": 1.3862943611198906, "saber": 1.3862943611198906, "proponer": 1.3862943611198906, "mira": 1.3862943611198906, "pie": 0.6931471805599453, "caer": 0.6931471805599453, "baby": 0.6931471805599453, "cantar": 2.0794415416798357, "11": 0.6931471805599453, "oler": 1.3862943611198906, "perseguir": 0.6931471805599453, "colar": 1.3862943611198906, "espeso": 0.6931471805599453, "daddy_come_ven": 0.6931471805599453, "rumba": 1.3862943611198906, "nervio": 0.6931471805599453, "dominar": 1.3862943611198906, "fiebre": 0.6931471805599453, "espantar": 0.6931471805599453, "cosa": 2.772588722239781, "acercar": 1.3862943611198906, "planeta": 0.6931471805599453, "tirar": 0.6931471805599453, "cabello": 0.6931471805599453, "ir": 0.6931471805599453, "piel": 2.0794415416798357, "perder": 1.3862943611198906, "cabalgata": 0.6931471805599453, "qui\u00e9n": 1.3862943611198906, "mover": 1.3862943611198906, "voy": 0.6931471805599453, "quitar": 0.6931471805599453, "ser": 1.3862943611198906, "golpe": 0.6931471805599453, "caliente": 5.545177444479562, "belleza": 1.3862943611198906, "aquel": 1.3862943611198906, "importar": 0.6931471805599453, "tela": 1.3862943611198906, "pasar": 0.6931471805599453, "himno": 0.6931471805599453, "9": 0.6931471805599453, "medir": 0.6931471805599453, "nacer": 1.3862943611198906, "pedir": 5.545177444479562, "lugar": 1.3862943611198906, "cuento": 2.0794415416798357, "mas": 1.3862943611198906, "noche": 2.0794415416798357, "fundir": 0.6931471805599453, "amanecer": 1.3862943611198906, "saltar": 0.6931471805599453, "pastor": 0.6931471805599453, "inventar": 2.0794415416798357, "hombre": 1.3862943611198906, "sentar": 0.6931471805599453, "machete": 0.6931471805599453, "tan": 0.6931471805599453, "colorir": 0.6931471805599453, "hacer": 1.3862943611198906, "sentir": 0.6931471805599453, "dulce": 0.6931471805599453, "gravy": 0.6931471805599453, "o\u00eddo": 0.6931471805599453, "calle": 0.6931471805599453, "levantar": 0.6931471805599453, "vaya": 0.6931471805599453, "suerte": 0.6931471805599453, "ocurrir": 2.0794415416798357, "hacha": 0.6931471805599453, "cama": 0.6931471805599453, "mano": 1.3862943611198906}