{"grandeza": 0.6931471805599453, "nalga": 0.6931471805599453, "ser": 0.6931471805599453, "tener": 0.6931471805599453, "ir": 0.6931471805599453, "fuete": 0.6931471805599453, "mas": 1.3862943611198906, "fuego": 0.6931471805599453, "espeso": 0.6931471805599453, "hervir": 0.6931471805599453, "pe_ge": 0.6931471805599453, "mover": 1.3862943611198906, "yankee": 0.6931471805599453, "dale_cliente_dame_caliente_dale_cliente_dame_caliente": 1.3862943611198906, "golpe": 0.6931471805599453, "aire": 0.6931471805599453, "tiempo": 0.6931471805599453, "juego": 0.6931471805599453, "claro_dale": 0.6931471805599453, "tela": 1.3862943611198906, "fuerza": 0.6931471805599453, "buscar": 0.6931471805599453, "9": 0.6931471805599453, "medir": 0.6931471805599453, "dame": 1.3862943611198906, "piel": 1.3862943611198906, "naci": 0.6931471805599453, "soltar": 0.6931471805599453, "muevete": 0.6931471805599453, "suela": 1.3862943611198906, "temblar": 0.6931471805599453, "llamar": 0.6931471805599453, "mira": 1.3862943611198906, "digale": 0.6931471805599453, "mama": 0.6931471805599453, "activo": 1.3862943611198906, "hacha": 0.6931471805599453, "rima": 0.6931471805599453, "dar": 3.4657359027997265, "ven": 0.6931471805599453, "baby": 0.6931471805599453, "fundir": 0.6931471805599453, "machete": 0.6931471805599453, "lady": 0.6931471805599453, "furioso": 0.6931471805599453, "11": 0.6931471805599453, "dulce": 0.6931471805599453, "fiebre": 0.6931471805599453, "oler": 1.3862943611198906, "colar": 1.3862943611198906, "tirar": 0.6931471805599453, "gravy": 0.6931471805599453, "ahora": 0.6931471805599453, "rumba": 1.3862943611198906, "que_que_dale": 1.3862943611198906, "caliente": 5.545177444479562, "quemar": 1.3862943611198906, "suerte": 0.6931471805599453, "daddy_come_ven": 0.6931471805599453, "caliente_papi": 1.3862943611198906, "morena": 1.3862943611198906, "pedir": 0.6931471805599453, "candela": 2.772588722239781, "tierra": 0.6931471805599453}