{"sentimiento": 0.6931471805599453, "cargar": 0.6931471805599453, "fuego": 0.6931471805599453, "mazmorra": 0.6931471805599453, "ver": 6.238324625039508, "compa\u00f1\u00eda": 0.6931471805599453, "auh": 0.6931471805599453, "claro_dale": 0.6931471805599453, "inm\u00f3vil": 0.6931471805599453, "aun": 2.0794415416798357, "decir": 9.010913347279288, "anhelo": 0.6931471805599453, "ven": 0.6931471805599453, "paria": 0.6931471805599453, "existir": 0.6931471805599453, "c\u00f3mo": 2.1972245773362196, "sofocar": 0.6931471805599453, "olvidar": 0.6931471805599453, "acostar": 0.6931471805599453, "traer": 2.0794415416798357, "decidir": 1.0986122886681098, "galope": 0.6931471805599453, "mirar": 2.0794415416798357, "haber": 9.010913347279288, "acera": 0.6931471805599453, "querer": 11.78350206951907, "entender": 4.852030263919617, "meses": 1.0986122886681098, "Tan": 4.394449154672439, "daddy_come_ven": 0.6931471805599453, "hora": 1.3862943611198906, "instagram": 0.6931471805599453, "cosa": 2.772588722239781, "entrometidos": 1.0986122886681098, "canci\u00f3n": 0.6931471805599453, "bandera": 0.6931471805599453, "belleza": 1.3862943611198906, "s\u00f3lo": 7.6246189861593985, "chismoso": 1.0986122886681098, "saltar": 0.6931471805599453, "quedar": 1.0986122886681098, "fuerza": 0.6931471805599453, "Que": 3.295836866004329, "sur": 0.6931471805599453, "emergencia": 1.0986122886681098, "cambiar": 2.0794415416798357, "muevete": 0.6931471805599453, "temblar": 0.6931471805599453, "activo": 1.3862943611198906, "preparar": 0.6931471805599453, "relacionar": 1.0986122886681098, "ley": 0.6931471805599453, "enga\u00f1ar": 1.0986122886681098, "alto": 4.394449154672439, "d\u00eda": 2.0794415416798357, "precio": 0.6931471805599453, "testigo": 0.6931471805599453, "jurar": 1.0986122886681098, "grandeza": 2.0794415416798357, "causar": 0.6931471805599453, "palabras": 1.0986122886681098, "vez": 5.545177444479562, "escuchar": 0.6931471805599453, "fabiola_con_maria": 1.0986122886681098, "jugar": 2.0794415416798357, "palabra": 0.6931471805599453, "hablar": 2.772588722239781, "cabalgar": 2.0794415416798357, "dejar": 1.3862943611198906, "siempre": 1.3862943611198906, "rancho": 0.6931471805599453, "regazo": 0.6931471805599453, "tela": 1.3862943611198906, "vivir": 0.6931471805599453, "todas": 0.6931471805599453, "ciencia": 1.0986122886681098, "desesperar": 0.6931471805599453, "medir": 0.6931471805599453, "saber": 5.545177444479562, "david_garcia_por": 0.6931471805599453, "mira": 1.3862943611198906, "fuck": 0.6931471805599453, "espero": 2.1972245773362196, "vuelta": 0.6931471805599453, "baby": 2.0794415416798357, "verano": 1.0986122886681098, "oler": 1.3862943611198906, "opini\u00f3n": 1.0986122886681098, "malo": 1.0986122886681098, "s\u00e9": 5.493061443340549, "sacar": 0.6931471805599453, "carmen": 0.6931471805599453, "espantar": 0.6931471805599453, "tirar": 0.6931471805599453, "hombre": 1.3862943611198906, "give": 0.6931471805599453, "arrancar": 0.6931471805599453, "cansar": 1.3862943611198906, "perder": 6.238324625039508, "tan": 0.6931471805599453, "descendencia": 1.0986122886681098, "aquel": 1.3862943611198906, "importar": 2.0794415416798357, "ye_h": 0.6931471805599453, "adicto": 1.0986122886681098, "puro": 0.6931471805599453, "hoy": 0.6931471805599453, "mas": 2.0794415416798357, "horacio": 4.1588830833596715, "soltero": 0.6931471805599453, "amanecer": 1.3862943611198906, "mismo": 1.0986122886681098, "quisiera": 2.772588722239781, "sentir": 2.0794415416798357, "padre": 1.0986122886681098, "truco": 1.3862943611198906, "vaya": 0.6931471805599453, "suerte": 2.772588722239781, "caballero": 6.591673732008658, "hacha": 0.6931471805599453, "quemar": 1.3862943611198906, "manera": 3.4657359027997265, "madrugada": 0.6931471805599453, "don't": 0.6931471805599453, "meter": 0.6931471805599453, "gigante": 0.6931471805599453, "hacia": 2.1972245773362196, "aventar": 0.6931471805599453, "silvado": 1.3862943611198906, "cerrar": 0.6931471805599453, "pronto": 2.1972245773362196, ",": 2.0794415416798357, "buscar": 0.6931471805599453, "puerta": 0.6931471805599453, "crecer": 1.0986122886681098, "parpadear": 0.6931471805599453, "Dios_Tan": 4.394449154672439, "oropel": 0.6931471805599453, "dar": 9.010913347279288, "dormir": 1.3862943611198906, "ausencia": 1.0986122886681098, "as\u00ed": 2.0794415416798357, "crecido": 0.6931471805599453, "Cuando": 2.1972245773362196, "doctrina": 0.6931471805599453, "caminar": 2.0794415416798357, "candela": 2.772588722239781, "tabaco": 0.6931471805599453, "mental": 0.6931471805599453, "distinto": 0.6931471805599453, "horacio_aguirre": 0.6931471805599453, "alejar": 0.6931471805599453, "acepto": 0.6931471805599453, "falta": 0.6931471805599453, "clandestino": 0.6931471805599453, "o\u00eddo": 0.6931471805599453, "nunca": 2.0794415416798357, "muero": 2.1972245773362196, "matar": 0.6931471805599453, "caminando": 1.3862943611198906, "perro": 2.1972245773362196, "7": 0.6931471805599453, "Dios": 13.183347464017316, "contigo": 5.493061443340549, "abuelo": 1.0986122886681098, "peque\u00f1o": 0.6931471805599453, "verdadero": 0.6931471805599453, "derroche": 0.6931471805599453, "entrar": 0.6931471805599453, "insistir": 0.6931471805599453, "invierno": 1.0986122886681098, "despu\u00e9s": 2.772588722239781, "1000": 0.6931471805599453, "vanesa_pero": 1.0986122886681098, "saco": 0.6931471805599453, "naci": 0.6931471805599453, "pe_ge": 0.6931471805599453, "tenia": 0.6931471805599453, "aferrar": 2.0794415416798357, "r\u00edo": 1.3862943611198906, "beso": 1.3862943611198906, "mami": 4.394449154672439, "\u00fanico": 4.852030263919617, "compa\u00f1ero": 4.394449154672439, "aire": 0.6931471805599453, "llegar": 0.6931471805599453, "jangueo": 0.6931471805599453, "inteligencia": 1.0986122886681098, "circo": 0.6931471805599453, "mama": 0.6931471805599453, "final": 0.6931471805599453, "invitar": 0.6931471805599453, "silvando": 1.3862943611198906, "bajo": 0.6931471805599453, "beber": 0.6931471805599453, "11": 1.3862943611198906, "sal\u00ed": 0.6931471805599453, "perd\u00f3n": 4.394449154672439, "llevar": 1.3862943611198906, "dominar": 1.3862943611198906, "stalk": 0.6931471805599453, "cari\u00f1o": 1.3862943611198906, "colombiano": 0.6931471805599453, "revisar": 1.3862943611198906, "acercar": 1.3862943611198906, "empe\u00f1o": 0.6931471805599453, "cabello": 0.6931471805599453, "agrio": 0.6931471805599453, "presencia": 1.0986122886681098, "ruego": 1.0986122886681098, "babel": 2.0794415416798357, "squad": 1.3862943611198906, "pasar": 3.4657359027997265, "miar": 0.6931471805599453, "empez\u00f3": 0.6931471805599453, "pregunt\u00e1ndole_dios": 0.6931471805599453, "grande": 1.0986122886681098, "lugar": 2.0794415416798357, "conceder": 0.6931471805599453, "gravy": 0.6931471805599453, "llamar": 6.238324625039508, "invitaci\u00f3n": 0.6931471805599453, "sentar": 2.772588722239781, "machete": 0.6931471805599453, "afuera": 4.394449154672439, "colorir": 0.6931471805599453, "ba_bies": 0.6931471805599453, "alguno": 1.0986122886681098, "fiel": 1.0986122886681098, "dolor": 2.0794415416798357, "cama": 1.3862943611198906, "cambia": 2.1972245773362196, "nalga": 0.6931471805599453, "tener": 6.238324625039508, "permiso": 0.6931471805599453, "superar": 0.6931471805599453, "teresa": 1.0986122886681098, "comenzar": 0.6931471805599453, "hervir": 0.6931471805599453, "prohibici\u00f3n": 0.6931471805599453, "referencia": 1.0986122886681098, "terminar": 1.3862943611198906, "rico": 0.6931471805599453, "nadie": 3.4657359027997265, "pensar": 2.0794415416798357, "tomar": 0.6931471805599453, "sabidur\u00eda": 0.6931471805599453, "confiar": 1.3862943611198906, "lobo": 0.6931471805599453, "soltar": 0.6931471805599453, "estrella": 1.3862943611198906, "lengua": 0.6931471805599453, "Profundo": 4.394449154672439, "tierra": 0.6931471805599453, "envidioso": 1.0986122886681098, "aqu\u00ed": 4.394449154672439, "abrevar": 0.6931471805599453, "colar": 1.3862943611198906, "encerrar": 0.6931471805599453, "ganar": 0.6931471805599453, "ser": 11.78350206951907,