{"nalga": 0.6931471805599453, "dar": 3.4657359027997265, "tener": 0.6931471805599453, "fuego": 0.6931471805599453, "hervir": 0.6931471805599453, "ver": 2.0794415416798357, "claro_dale": 0.6931471805599453, "inm\u00f3vil": 0.6931471805599453, "rico": 0.6931471805599453, "decir": 1.3862943611198906, "buscar": 0.6931471805599453, "ven": 0.6931471805599453, "paria": 0.6931471805599453, "piel": 2.0794415416798357, "soltar": 0.6931471805599453, "oropel": 0.6931471805599453, "hacha": 0.6931471805599453, "tierra": 0.6931471805599453, "digale": 0.6931471805599453, "casa": 1.3862943611198906, "traer": 1.3862943611198906, "lady": 0.6931471805599453, "medir": 0.6931471805599453, "abrevar": 0.6931471805599453, "reba\u00f1o": 0.6931471805599453, "querer": 0.6931471805599453, "entender": 4.852030263919617, "morena": 1.3862943611198906, "candela": 2.772588722239781, "ser": 1.3862943611198906, "cosa": 2.0794415416798357, "tiempo": 0.6931471805599453, "alejar": 0.6931471805599453, "rumba": 1.3862943611198906, "contar": 0.6931471805599453, "corro": 0.6931471805599453, "o\u00eddo": 0.6931471805599453, "juego": 0.6931471805599453, "bien": 1.3862943611198906, "fuerza": 0.6931471805599453, "muevete": 0.6931471805599453, "suela": 1.3862943611198906, "temblar": 0.6931471805599453, "activo": 1.3862943611198906, "rima": 0.6931471805599453, "neutro": 1.3862943611198906, "aire": 0.6931471805599453, "proponer": 1.3862943611198906, "ahora": 0.6931471805599453, "que_que_dale": 1.3862943611198906, "empezar": 1.3862943611198906, "quemar": 1.3862943611198906, "grandeza": 0.6931471805599453, "vez": 4.852030263919617, "juntar": 1.3862943611198906, "naci": 0.6931471805599453, "fuete": 0.6931471805599453, "sol": 0.6931471805599453, "pe_ge": 0.6931471805599453, "r\u00edo": 1.3862943611198906, "yankee": 0.6931471805599453, "dejar": 0.6931471805599453, "\u00fanico": 4.852030263919617, "pijama": 1.3862943611198906, "dale_cliente_dame_caliente_dale_cliente_dame_caliente": 1.3862943611198906, "circo": 0.6931471805599453, "mama": 0.6931471805599453, "dame": 1.3862943611198906, "dormir": 1.3862943611198906, "mira": 1.3862943611198906, "baby": 0.6931471805599453, "cantar": 1.3862943611198906, "11": 0.6931471805599453, "oler": 1.3862943611198906, "perseguir": 0.6931471805599453, "colar": 1.3862943611198906, "espeso": 0.6931471805599453, "daddy_come_ven": 0.6931471805599453, "furioso": 0.6931471805599453, "fiebre": 0.6931471805599453, "espantar": 0.6931471805599453, "tirar": 0.6931471805599453, "ir": 0.6931471805599453, "pie": 0.6931471805599453, "perder": 0.6931471805599453, "mover": 1.3862943611198906, "cuento": 2.0794415416798357, "golpe": 0.6931471805599453, "ocurrir": 2.0794415416798357, "tela": 1.3862943611198906, "pasar": 0.6931471805599453, "9": 0.6931471805599453, "atr\u00e1s": 0.6931471805599453, "pedir": 5.545177444479562, "mas": 1.3862943611198906, "noche": 1.3862943611198906, "fundir": 0.6931471805599453, "llamar": 2.772588722239781, "pastor": 0.6931471805599453, "inventar": 2.0794415416798357, "sentar": 0.6931471805599453, "machete": 0.6931471805599453, "hacer": 1.3862943611198906, "dulce": 0.6931471805599453, "gravy": 0.6931471805599453, "caliente": 5.545177444479562, "suerte": 0.6931471805599453, "caliente_papi": 1.3862943611198906, "cama": 0.6931471805599453}